"Fold1","Fold2","Fold3","Fold4","Fold5"
1,10,4,3,2
9,13,5,6,12
36,19,18,7,14
42,30,20,8,15
45,34,21,11,16
55,38,27,22,17
59,41,29,23,25
61,44,32,24,26
66,47,35,33,28
67,57,43,37,31
69,58,48,46,39
71,63,50,60,40
76,64,51,77,49
82,65,52,88,54
93,68,53,90,62
97,70,56,95,75
109,72,78,100,84
113,73,80,101,86
129,74,83,105,102
138,79,87,115,106
139,81,89,118,107
144,85,92,119,110
145,91,94,122,112
151,96,98,124,116
157,99,104,125,117
160,103,111,127,130
167,108,114,142,131
170,123,120,146,132
172,128,121,150,134
184,133,126,153,135
191,143,141,156,136
193,147,154,162,137
196,148,158,174,140
204,149,159,175,152
206,163,168,178,155
214,165,169,189,161
215,166,176,190,164
218,171,177,210,173
225,181,179,213,186
229,185,180,223,187
236,188,182,230,195
238,192,183,248,200
240,198,194,257,209
246,203,197,265,211
255,220,199,269,219
256,226,201,272,222
258,228,202,273,224
259,232,205,281,227
267,234,207,283,231
282,242,208,284,233
286,243,212,294,235
288,249,216,296,237
295,252,217,299,241
303,262,221,308,244
306,266,239,311,245
310,268,253,316,247
324,270,260,320,250
326,271,263,321,251
329,285,264,323,254
330,287,275,325,261
333,291,277,328,274
339,293,278,336,276
344,307,280,340,279
349,312,289,353,292
350,314,290,354,300
356,315,297,355,313
362,322,298,357,331
366,332,301,361,335
370,341,302,363,337
373,358,304,364,338
374,359,305,381,343
377,367,309,382,346
379,391,317,383,348
380,392,318,389,351
386,399,319,396,360
409,400,327,402,368
412,401,334,411,371
423,403,342,416,375
426,404,345,417,376
433,405,347,434,384
437,406,352,438,385
442,410,365,450,387
444,414,369,460,388
446,420,372,471,390
455,427,378,474,397
465,431,393,479,398
476,432,394,480,407
482,435,395,489,415
483,439,408,491,418
485,440,413,492,419
486,441,421,506,429
487,454,422,509,430
497,461,424,511,447
499,466,425,524,448
503,467,428,527,452
507,473,436,529,457
515,477,443,530,458
516,478,445,534,459
519,488,449,535,462
540,496,451,536,463
542,502,453,545,464
544,505,456,547,470
546,510,468,555,472
552,513,469,564,484
559,520,475,573,493
568,521,481,584,494
569,525,490,587,501
571,532,495,588,508
572,537,498,589,512
577,539,500,593,514
582,548,504,596,517
585,550,526,601,518
586,556,528,603,522
591,557,533,610,523
599,558,541,611,531
602,562,543,616,538
605,565,553,617,549
615,566,560,618,551
626,575,563,619,554
627,576,567,624,561
632,579,570,628,594
645,581,574,629,604
651,583,578,641,607
652,590,580,647,608
659,592,600,660,614
669,595,620,661,621
671,597,630,663,631
672,598,640,665,633
673,606,656,667,634
674,609,657,677,637
682,612,666,681,639
684,613,668,683,653
686,622,675,685,654
692,623,676,690,670
696,625,678,704,680
702,635,679,705,687
720,636,688,707,693
726,638,689,710,706
730,642,697,711,708
731,643,698,712,718
748,644,699,713,719
751,646,700,714,722
756,648,701,715,724
757,649,703,721,733
760,650,735,723,742
761,655,736,725,743
766,658,739,728,749
770,662,740,729,753
778,664,745,734,767
793,691,746,737,776
794,694,752,755,780
797,695,754,759,782
799,709,763,762,788
804,716,765,764,790
805,717,769,768,795
827,727,773,771,798
828,732,777,772,802
833,738,781,784,806
834,741,785,786,809
838,744,791,787,813
851,747,792,789,814
855,750,807,800,819
856,758,810,801,822
857,774,815,823,825
885,775,816,829,830
889,779,817,835,837
897,783,820,843,846
899,796,826,844,872
904,803,831,847,877
906,808,836,853,880
921,811,841,854,884
924,812,849,859,886
930,818,858,861,894
938,821,862,864,907
942,824,866,870,917
943,832,868,874,918
949,839,871,881,922
958,840,873,882,925
961,842,875,883,928
962,845,876,887,932
965,848,879,888,947
970,850,890,892,951
972,852,893,896,952
977,860,901,900,959
978,863,912,902,960
981,865,913,903,975
986,867,914,911,982
987,869,916,923,990
996,878,919,926,991
1000,891,920,933,994
1002,895,929,936,1004
1007,898,931,939,1012
1011,905,935,946,1020
1014,908,937,948,1021
1019,909,940,954,1022
1024,910,944,957,1029
1030,915,945,963,1033
1041,927,955,964,1035
1046,934,956,969,1043
1068,941,966,976,1049
1083,950,967,979,1051
1085,953,973,980,1053
1086,968,985,983,1054
1088,971,995,984,1057
1089,974,997,988,1061
1107,989,999,993,1062
1108,992,1001,998,1063
1109,1003,1006,1013,1091
1115,1005,1008,1016,1092
1116,1010,1009,1018,1093
1117,1015,1017,1025,1095
1118,1026,1023,1028,1102
1138,1039,1027,1031,1104
1142,1040,1032,1038,1113
1150,1044,1034,1042,1120
1162,1056,1036,1045,1121
1170,1067,1037,1047,1122
1174,1071,1052,1048,1130
1176,1076,1059,1050,1131
1192,1077,1060,1055,1135
1194,1079,1066,1058,1141
1197,1080,1069,1064,1146
1199,1084,1070,1065,1158
1210,1090,1072,1075,1159
1212,1098,1073,1081,1166
1219,1099,1074,1082,1171
1224,1101,1078,1087,1180
1228,1105,1096,1094,1181
1233,1140,1112,1097,1184
1240,1143,1114,1100,1185
1247,1152,1125,1103,1188
1248,1160,1128,1106,1189
1249,1163,1129,1110,1190
1254,1172,1132,1111,1191
1260,1173,1136,1119,1204
1262,1175,1144,1123,1211
1277,1183,1149,1124,1213
1281,1187,1157,1126,1215
1291,1193,1165,1127,1217
1298,1195,1167,1133,1222
1302,1196,1177,1134,1229
1303,1198,1182,1137,1230
1311,1203,1186,1139,1231
1313,1207,1200,1145,1239
1325,1209,1201,1147,1245
1330,1214,1202,1148,1255
1331,1220,1205,1151,1256
1333,1227,1206,1153,1257
1334,1232,1216,1154,1261
1343,1234,1218,1155,1266
1345,1238,1221,1156,1267
1357,1241,1223,1161,1268
1360,1243,1225,1164,1280
1365,1244,1235,1168,1284
1385,1246,1251,1169,1289
1386,1253,1252,1178,1290
1388,1258,1263,1179,1297
1393,1259,1264,1208,1301
1398,1265,1269,1226,1305
1400,1270,1272,1236,1306
1404,1274,1275,1237,1308
1411,1279,1287,1242,1310
1414,1282,1293,1250,1314
1415,1283,1294,1271,1315
1416,1288,1296,1273,1316
1419,1292,1304,1276,1322
1423,1299,1312,1278,1326
1425,1300,1319,1285,1335
1428,1307,1324,1286,1342
1436,1309,1328,1295,1347
1448,1318,1329,1317,1349
1459,1320,1332,1323,1350
1463,1321,1337,1327,1352
1469,1336,1339,1340,1361
1470,1338,1348,1344,1363
1474,1341,1354,1346,1369
1475,1355,1358,1351,1371
1476,1356,1366,1353,1372
1494,1359,1368,1367,1375
1495,1362,1373,1378,1376
1496,1364,1381,1379,1377
1498,1370,1382,1380,1396
1507,1374,1384,1383,1405
1509,1394,1387,1389,1410
1513,1395,1391,1390,1424
1515,1401,1397,1392,1427
1520,1402,1406,1399,1430
1524,1403,1407,1409,1439
1528,1408,1412,1420,1447
1529,1413,1417,1438,1449
1532,1418,1421,1450,1456
1539,1422,1429,1457,1462
1541,1426,1431,1458,1478
1546,1433,1432,1464,1492
1547,1434,1441,1465,1497
1574,1435,1443,1468,1502
1581,1437,1444,1473,1503
1583,1440,1445,1481,1505
1592,1442,1453,1482,1506
1595,1446,1455,1487,1517
1600,1451,1460,1488,1525
1601,1452,1461,1490,1527
1602,1454,1479,1493,1530
1610,1466,1485,1500,1535
1613,1467,1491,1501,1537
1623,1471,1499,1504,1543
1626,1472,1510,1508,1552
1627,1477,1512,1511,1557
1630,1480,1523,1514,1563
1643,1483,1531,1516,1564
1651,1484,1533,1519,1568
1652,1486,1534,1526,1569
1659,1489,1538,1536,1575
1666,1518,1550,1540,1576
1678,1521,1554,1542,1579
1686,1522,1556,1548,1585
1688,1544,1558,1549,1587
1689,1545,1559,1553,1590
1691,1551,1570,1555,1591
1700,1561,1573,1560,1599
1702,1562,1577,1572,1603
1706,1565,1580,1578,1607
1707,1566,1582,1586,1615
1713,1567,1589,1608,1618
1715,1571,1596,1612,1620
1726,1584,1598,1617,1621
1728,1588,1605,1624,1631
1729,1593,1609,1632,1635
1731,1594,1611,1638,1653
1738,1597,1622,1642,1658
1739,1604,1625,1646,1663
1740,1606,1628,1649,1669
1760,1614,1629,1655,1671
1762,1616,1634,1664,1672
1763,1619,1637,1670,1673
1772,1633,1641,1679,1676
1783,1636,1648,1680,1682
1788,1639,1654,1685,1696
1805,1640,1656,1693,1701
1807,1644,1657,1694,1703
1811,1645,1661,1695,1705
1815,1647,1662,1698,1717
1816,1650,1667,1720,1719
1818,1660,1668,1721,1722
1823,1665,1675,1732,1725
1826,1674,1681,1743,1733
1829,1677,1683,1746,1742
1833,1690,1684,1747,1748
1837,1697,1687,1751,1749
1839,1699,1692,1752,1753
1845,1710,1704,1766,1754
1846,1714,1708,1767,1756
1849,1716,1709,1779,1757
1855,1718,1711,1789,1758
1856,1724,1712,1790,1759
1861,1730,1723,1812,1771
1866,1734,1727,1813,1778
1868,1735,1737,1819,1780
1883,1736,1744,1822,1785
1891,1741,1745,1825,1787
1906,1755,1750,1828,1803
1907,1768,1761,1830,1817
1908,1769,1764,1831,1836
1909,1770,1765,1835,1840
1911,1773,1777,1838,1841
1912,1774,1781,1843,1844
1913,1775,1784,1854,1860
1915,1776,1791,1864,1863
1919,1782,1792,1870,1869
1923,1786,1793,1873,1875
1933,1795,1794,1876,1878
1946,1796,1797,1877,1884
1948,1798,1799,1882,1886
1954,1801,1800,1896,1887
1959,1802,1804,1897,1888
1962,1808,1806,1899,1898
1964,1814,1809,1900,1905
1971,1820,1810,1903,1910
1976,1824,1821,1914,1925
1977,1827,1832,1921,1926
1981,1834,1850,1931,1927
1991,1842,1851,1949,1935
1995,1847,1857,1950,1937
1998,1848,1867,1961,1938
2004,1852,1874,1963,1939
2009,1853,1879,1968,1941
2014,1858,1880,1969,1944
2019,1859,1889,1974,1947
2027,1862,1892,1980,1955
2032,1865,1895,1982,1960
2033,1871,1902,1989,1970
2041,1872,1916,1990,1972
2045,1881,1917,1996,1975
2047,1885,1918,1999,1983
2048,1890,1922,2002,1987
2053,1893,1924,2016,1992
2056,1894,1932,2018,2006
2062,1901,1936,2022,2007
2065,1904,1940,2030,2008
2067,1920,1942,2035,2010
2069,1928,1943,2040,2012
2070,1929,1953,2049,2020
2081,1930,1956,2051,2023
2089,1934,1958,2054,2024
2101,1945,1967,2057,2026
2102,1951,1973,2058,2029
2103,1952,1978,2060,2031
2116,1957,1984,2075,2036
2117,1965,1985,2077,2055
2124,1966,1986,2078,2061
2126,1979,1993,2082,2063
2128,1988,1994,2083,2071
2130,1997,2005,2084,2072
2131,2000,2011,2090,2079
2134,2001,2013,2094,2091
2135,2003,2017,2099,2095
2136,2015,2021,2104,2096
2137,2028,2025,2109,2098
2139,2037,2034,2115,2105
2144,2039,2038,2118,2114
2145,2042,2043,2119,2140
2149,2044,2050,2125,2141
2151,2046,2052,2127,2158
2152,2059,2068,2138,2159
2156,2064,2074,2143,2160
2169,2066,2076,2148,2166
2170,2073,2080,2154,2178
2173,2086,2085,2155,2183
2174,2087,2088,2162,2187
2177,2092,2100,2164,2191
2180,2093,2107,2167,2209
2190,2097,2108,2168,2216
2199,2106,2110,2175,2217
2202,2112,2111,2179,2222
2210,2113,2120,2184,2224
2213,2123,2121,2200,2229
2219,2132,2122,2211,2234
2227,2133,2129,2214,2243
2232,2147,2142,2220,2247
2233,2153,2146,2223,2251
2236,2161,2150,2225,2252
2249,2165,2157,2228,2255
2250,2172,2163,2230,2257
2253,2181,2171,2231,2259
2258,2193,2176,2239,2260
2277,2195,2182,2240,2261
2280,2198,2185,2241,2268
2289,2207,2186,2244,2274
2292,2212,2188,2262,2283
2303,2221,2189,2264,2285
2308,2226,2192,2271,2295
2312,2237,2194,2276,2298
2313,2238,2196,2279,2299
2321,2242,2197,2284,2305
2322,2245,2201,2304,2309
2324,2248,2203,2326,2317
2333,2254,2204,2330,2319
2334,2263,2205,2331,2323
2337,2266,2206,2341,2339
2347,2272,2208,2342,2340
2356,2273,2215,2343,2346
2357,2281,2218,2345,2352
2359,2282,2235,2350,2353
2360,2286,2246,2358,2354
2366,2287,2256,2375,2362
2369,2288,2265,2376,2364
2379,2290,2267,2377,2370
2380,2310,2269,2381,2371
2389,2316,2270,2382,2390
2392,2327,2275,2385,2404
2397,2328,2278,2388,2407
2398,2332,2291,2393,2409
2399,2335,2293,2396,2410
2401,2348,2294,2400,2414
2402,2349,2296,2417,2419
2405,2363,2297,2423,2422
2412,2365,2300,2425,2424
2416,2372,2301,2429,2428
2418,2373,2302,2432,2437
2435,2378,2306,2434,2446
2439,2383,2307,2436,2449
2441,2387,2311,2440,2458
2444,2391,2314,2447,2467
2451,2403,2315,2450,2469
2457,2406,2318,2453,2483
2472,2413,2320,2455,2487
2473,2415,2325,2460,2488
2475,2426,2329,2461,2489
2477,2431,2336,2464,2498
2480,2433,2338,2466,2499
2481,2438,2344,2471,2501
2485,2442,2351,2474,2505
2490,2443,2355,2492,2524
2494,2459,2361,2493,2526
2495,2462,2367,2502,2535
2506,2463,2368,2503,2538
2511,2465,2374,2510,2542
2515,2476,2384,2516,2550
2529,2479,2386,2519,2559
2534,2482,2394,2522,2565
2541,2496,2395,2525,2566
2543,2497,2408,2530,2574
2545,2500,2411,2532,2576
2548,2504,2420,2546,2581
2552,2507,2421,2556,2582
2555,2509,2427,2567,2585
2560,2518,2430,2573,2593
2561,2520,2445,2577,2595
2562,2523,2448,2578,2598
2568,2527,2452,2579,2599
2570,2531,2454,2580,2610
2571,2533,2456,2588,2612
2589,2551,2468,2600,2617
2591,2553,2470,2601,2624
2596,2554,2478,2602,2628
2603,2557,2484,2604,2629
2605,2563,2486,2606,2630
2609,2564,2491,2619,2633
2615,2569,2508,2625,2639
2623,2572,2512,2627,2657
2626,2586,2513,2631,2658
2632,2592,2514,2640,2665
2638,2597,2517,2644,2666
2641,2607,2521,2660,2667
2642,2613,2528,2670,2668
2646,2614,2536,2678,2676
2652,2616,2537,2689,2677
2653,2620,2539,2716,2679
2654,2621,2540,2718,2680
2655,2622,2544,2728,2685
2662,2634,2547,2731,2691
2663,2636,2549,2733,2694
2669,2637,2558,2735,2695
2672,2645,2575,2740,2698
2673,2647,2583,2760,2712
2675,2649,2584,2761,2723
2681,2651,2587,2765,2725
2683,2656,2590,2768,2726
2684,2661,2594,2776,2727
2686,2682,2608,2788,2734
2687,2692,2611,2792,2746
2688,2696,2618,2794,2747
2690,2697,2635,2812,2748
2693,2700,2643,2820,2751
2699,2702,2648,2823,2752
2701,2704,2650,2826,2763
2703,2707,2659,2830,2764
2705,2710,2664,2850,2766
2709,2711,2671,2860,2770
2713,2714,2674,2863,2771
2717,2715,2706,2865,2778
2732,2720,2708,2868,2779
2739,2721,2719,2874,2782
2743,2722,2729,2877,2783
2750,2724,2737,2883,2784
2754,2730,2738,2885,2785
2757,2736,2741,2900,2793
2758,2744,2742,2904,2795
2759,2762,2745,2916,2796
2767,2781,2749,2918,2797
2772,2787,2753,2921,2798
2775,2789,2755,2923,2799
2780,2800,2756,2924,2801
2786,2804,2769,2926,2806
2790,2805,2773,2927,2807
2791,2813,2774,2929,2814
2802,2827,2777,2935,2817
2803,2828,2809,2938,2818
2808,2836,2829,2943,2822
2810,2837,2840,2952,2831
2811,2842,2845,2958,2832
2815,2844,2847,2960,2835
2816,2846,2851,2962,2839
2819,2853,2852,2964,2841
2821,2854,2855,2966,2848
2824,2859,2856,2967,2849
2825,2861,2857,2969,2864
2833,2870,2862,2970,2872
2834,2884,2866,2977,2879
2838,2891,2869,2980,2882
2843,2894,2876,2982,2886
2858,2897,2881,2984,2899
2867,2903,2887,2985,2905
2871,2911,2893,2988,2909
2873,2912,2896,2992,2919
2875,2913,2898,2993,2928
2878,2922,2901,2994,2932
2880,2930,2902,2996,2936
2888,2933,2906,2997,2939
2889,2941,2907,2998,2948
2890,2944,2908,3001,2949
2892,2946,2915,3003,2959
2895,2950,2920,3005,2965
2910,2954,2925,3009,2968
2914,2955,2934,3020,2971
2917,2956,2940,3028,2976
2931,2957,2947,3029,2981
2937,2963,2961,3031,2990
2942,2972,2974,3041,2991
2945,2973,2975,3044,2995
2951,2979,2987,3045,3008
2953,2983,3014,3050,3023
2978,2986,3017,3052,3030
2989,2999,3019,3055,3043
3000,3010,3027,3057,3046
3002,3011,3032,3065,3053
3004,3012,3033,3075,3054
3006,3013,3035,3079,3066
3007,3015,3037,3083,3067
3021,3016,3040,3084,3068
3022,3018,3042,3085,3073
3025,3024,3048,3089,3076
3026,3039,3051,3093,3081
3034,3049,3060,3099,3082
3036,3056,3062,3100,3086
3038,3058,3069,3101,3087
3047,3059,3078,3103,3094
3063,3061,3088,3108,3097
3064,3071,3091,3111,3109
3070,3074,3092,3113,3114
3072,3077,3102,3119,3126
3090,3080,3105,3122,3130
3095,3096,3106,3124,3133
3098,3104,3110,3127,3135
3118,3107,3112,3129,3142
3121,3115,3117,3131,3148
3123,3116,3120,3141,3150
3134,3128,3125,3145,3151
3138,3136,3132,3147,3153
3140,3137,3139,3152,3154
3143,3146,3144,3156,3155
3149,3160,3158,3157,3162
3164,3165,3159,3161,3163
3167,3168,3172,3166,3173
3176,3169,3175,3170,3180
3182,3171,3177,3184,3181
3186,3174,3179,3192,3185
3193,3178,3183,3197,3190
3205,3187,3188,3203,3194
3208,3196,3189,3207,3195
3224,3209,3191,3215,3200
3230,3211,3198,3223,3201
3235,3212,3199,3225,3206
3258,3216,3202,3239,3222
3260,3219,3204,3240,3227
3261,3229,3210,3249,3228
3271,3233,3213,3251,3231
3272,3234,3214,3256,3236
3284,3237,3217,3262,3245
3287,3243,3218,3263,3252
3289,3244,3220,3266,3264
3314,3247,3221,3270,3276
3320,3250,3226,3277,3281
3323,3253,3232,3278,3282
3324,3255,3238,3280,3285
3328,3257,3241,3288,3292
3331,3265,3242,3291,3296
3332,3269,3246,3295,3299
3335,3273,3248,3301,3311
3337,3274,3254,3306,3315
3345,3279,3259,3312,3317
3351,3283,3267,3316,3321
3360,3286,3268,3319,3330
3362,3293,3275,3333,3338
3369,3297,3290,3344,3339
3375,3298,3294,3355,3342
3376,3300,3302,3356,3346
3380,3304,3303,3364,3350
3382,3305,3307,3371,3357
3385,3309,3308,3381,3358
3392,3310,3327,3391,3361
3400,3313,3329,3393,3363
3411,3318,3334,3395,3365
3417,3322,3336,3397,3368
3420,3325,3343,3399,3372
3422,3326,3347,3405,3377
3424,3340,3348,3407,3403
3431,3341,3353,3408,3406
3433,3349,3370,3419,3409
3435,3352,3373,3423,3413
3439,3354,3374,3425,3415
3440,3359,3383,3428,3418
3441,3366,3384,3436,3426
3446,3367,3389,3443,3427
3447,3378,3394,3457,3429
3450,3379,3402,3459,3432
3455,3386,3404,3464,3434
3462,3387,3410,3465,3438
3463,3388,3412,3483,3442
3475,3390,3414,3489,3444
3479,3396,3416,3497,3448
3480,3398,3421,3501,3449
3484,3401,3430,3507,3453
3496,3454,3437,3523,3456
3510,3458,3445,3526,3460
3511,3467,3451,3527,3470
3516,3468,3452,3530,3471
3518,3469,3461,3531,3474
3520,3472,3466,3533,3476
3536,3473,3477,3541,3487
3537,3478,3482,3546,3488
3540,3481,3485,3547,3495
3542,3486,3490,3554,3498
3543,3491,3493,3558,3503
3548,3492,3499,3586,3506
3550,3494,3502,3590,3512
3551,3500,3505,3592,3517
3553,3504,3509,3600,3519
3555,3508,3513,3606,3521
3559,3514,3515,3614,3525
3561,3524,3522,3641,3538
3563,3529,3528,3645,3539
3569,3532,3535,3650,3545
3573,3534,3557,3663,3552
3574,3544,3562,3664,3556
3575,3549,3564,3665,3560
3584,3567,3566,3674,3565
3588,3572,3570,3677,3568
3591,3579,3578,3680,3571
3595,3581,3580,3683,3576
3605,3589,3583,3686,3577
3608,3593,3613,3689,3582
3611,3594,3619,3695,3585
3618,3597,3622,3706,3587
3628,3602,3625,3714,3596
3630,3604,3633,3715,3598
3631,3612,3635,3718,3599
3632,3615,3637,3722,3601
3636,3620,3638,3724,3603
3642,3623,3643,3727,3607
3647,3624,3646,3729,3609
3648,3627,3653,3731,3610
3651,3629,3662,3732,3616
3654,3639,3668,3736,3617
3658,3640,3669,3741,3621
3676,3644,3671,3748,3626
3679,3649,3672,3755,3634
3682,3657,3684,3762,3652
3694,3659,3687,3763,3655
3702,3661,3688,3767,3656
3704,3666,3690,3768,3660
3705,3667,3691,3771,3670
3708,3675,3692,3773,3673
3709,3678,3693,3775,3696
3726,3681,3697,3779,3713
3733,3685,3711,3787,3719
3738,3698,3712,3789,3725
3754,3699,3717,3792,3734
3757,3700,3720,3795,3735
3760,3701,3740,3804,3744
3770,3703,3742,3813,3746
3772,3707,3743,3818,3749
3778,3710,3745,3824,3758
3782,3716,3747,3827,3761
3794,3721,3750,3839,3766
3799,3723,3753,3842,3774
3805,3728,3764,3849,3784
3806,3730,3765,3855,3785
3807,3737,3777,3857,3788
3809,3739,3780,3859,3790
3816,3751,3783,3864,3791
3832,3752,3797,3875,3798
3833,3756,3800,3881,3802
3834,3759,3801,3883,3803
3837,3769,3811,3887,3810
3845,3776,3812,3902,3817
3848,3781,3814,3904,3823
3852,3786,3815,3909,3826
3854,3793,3829,3911,3828
3861,3796,3830,3913,3841
3866,3808,3831,3917,3847
3873,3819,3835,3924,3853
3876,3820,3836,3927,3856
3878,3821,3840,3930,3858
3886,3822,3843,3931,3862
3897,3825,3844,3935,3863
3900,3838,3850,3941,3867
3903,3846,3871,3944,3868
3908,3851,3872,3952,3869
3918,3860,3879,3954,3877
3922,3865,3884,3957,3885
3934,3870,3888,3960,3889
3937,3874,3891,3962,3890
3947,3880,3892,3964,3894
3948,3882,3893,3969,3896
3963,3895,3898,3970,3905
3966,3899,3910,3980,3907
3971,3901,3912,3987,3914
3975,3906,3915,3995,3916
3981,3919,3925,3997,3921
3984,3920,3926,3999,3923
3996,3932,3928,4000,3929
4007,3933,3938,4005,3936
4016,3945,3956,4006,3939
4020,3946,3959,4010,3940
4021,3949,3961,4018,3942
4023,3951,3965,4028,3943
4036,3953,3967,4029,3950
4038,3968,3972,4032,3955
4045,3973,3974,4035,3958
4054,3985,3982,4039,3976
4056,3986,4002,4041,3977
4058,3988,4003,4042,3978
4065,3990,4004,4046,3979
4066,3994,4013,4050,3983
4070,4009,4014,4052,3989
4071,4012,4027,4060,3991
4073,4015,4033,4062,3992
4076,4017,4037,4067,3993
4078,4022,4043,4074,3998
4083,4025,4044,4082,4001
4084,4034,4048,4087,4008
4085,4040,4051,4089,4011
4088,4049,4064,4100,4019
4093,4057,4077,4106,4024
4094,4061,4086,4107,4026
4096,4068,4091,4110,4030
4108,4072,4092,4111,4031
4109,4081,4099,4116,4047
4112,4103,4101,4117,4053
4133,4105,4102,4118,4055
4138,4113,4119,4120,4059
4144,4114,4127,4125,4063
4152,4121,4131,4126,4069
4153,4122,4132,4129,4075
4175,4123,4137,4134,4079
4182,4124,4139,4143,4080
4187,4128,4145,4157,4090
4189,4130,4146,4159,4095
4192,4136,4151,4160,4097
4194,4140,4154,4161,4098
4198,4147,4155,4167,4104
4217,4150,4158,4169,4115
4222,4156,4166,4172,4135
4226,4165,4174,4183,4141
4229,4171,4179,4184,4142
4236,4173,4180,4185,4148
4246,4176,4199,4190,4149
4257,4181,4204,4193,4162
4273,4191,4211,4195,4163
4290,4201,4213,4196,4164
4295,4205,4227,4202,4168
4298,4212,4228,4203,4170
4304,4221,4234,4206,4177
4306,4225,4239,4207,4178
4312,4230,4241,4208,4186
4317,4237,4245,4209,4188
4321,4238,4248,4219,4197
4324,4243,4251,4220,4200
4327,4244,4256,4233,4210
4328,4252,4260,4249,4214
4347,4253,4264,4254,4215
4351,4255,4269,4262,4216
4353,4267,4270,4268,4218
4358,4275,4272,4271,4223
4359,4278,4274,4281,4224
4365,4293,4288,4283,4231
4366,4305,4289,4285,4232
4369,4307,4294,4291,4235
4381,4332,4297,4300,4240
4382,4334,4299,4301,4242
4384,4335,4310,4302,4247
4393,4339,4311,4316,4250
4396,4343,4314,4318,4258
4409,4344,4315,4323,4259
4410,4346,4319,4331,4261
4417,4350,4322,4333,4263
4422,4354,4325,4336,4265
4429,4361,4329,4355,4266
4433,4362,4330,4370,4276
4443,4367,4338,4373,4277
4447,4385,4340,4376,4279
4451,4387,4341,4377,4280
4456,4389,4342,4378,4282
4457,4390,4345,4379,4284
4460,4391,4349,4383,4286
4462,4401,4356,4388,4287
4466,4404,4357,4394,4292
4467,4405,4360,4408,4296
4468,4416,4368,4414,4303
4476,4419,4371,4423,4308
4477,4424,4372,4428,4309
4480,4430,4374,4432,4313
4481,4440,4380,4437,4320
4483,4448,4386,4441,4326
4492,4449,4399,4442,4337
4497,4454,4406,4450,4348
4511,4455,4407,4463,4352
4513,4465,4412,4471,4363
4515,4470,4413,4473,4364
4519,4478,4415,4479,4375
4529,4482,4418,4485,4392
4536,4489,4420,4488,4395
4540,4493,4421,4491,4397
4543,4498,4425,4500,4398
4548,4504,4434,4503,4400
4552,4512,4435,4505,4402
4555,4534,4436,4507,4403
4559,4537,4445,4516,4411
4561,4538,4452,4518,4426
4569,4539,4464,4521,4427
4587,4545,4469,4522,4431
4589,4547,4475,4527,4438
4594,4549,4486,4528,4439
4604,4557,4496,4531,4444
4608,4560,4501,4544,4446
4612,4562,4509,4554,4453
4630,4565,4514,4564,4458
4631,4566,4517,4567,4459
4638,4568,4523,4574,4461
4640,4570,4524,4577,4472
4648,4571,4525,4578,4474
4650,4573,4526,4580,4484
4659,4575,4530,4592,4487
4660,4581,4532,4597,4490
4663,4583,4535,4603,4494
4664,4585,4542,4617,4495
4665,4595,4553,4618,4499
4674,4602,4558,4619,4502
4680,4609,4563,4625,4506
4681,4610,4576,4645,4508
4691,4614,4582,4652,4510
4709,4615,4588,4666,4520
4716,4620,4590,4667,4533
4721,4621,4596,4671,4541
4725,4622,4598,4673,4546
4729,4623,4600,4675,4550
4733,4624,4607,4676,4551
4741,4627,4611,4677,4556
4742,4629,4616,4678,4572
4745,4632,4626,4684,4579
4746,4633,4628,4686,4584
4748,4635,4637,4688,4586
4750,4639,4643,4689,4591
4751,4642,4649,4690,4593
4758,4655,4651,4692,4599
4759,4670,4658,4694,4601
4762,4702,4662,4708,4605
4765,4706,4668,4710,4606
4767,4724,4679,4711,4613
4769,4728,4682,4714,4634
4771,4730,4683,4715,4636
4780,4734,4687,4718,4641
4782,4736,4695,4722,4644
4790,4753,4696,4726,4646
4791,4754,4703,4727,4647
4797,4757,4704,4735,4653
4800,4761,4712,4740,4654
4802,4778,4713,4743,4656
4803,4779,4717,4744,4657
4806,4784,4719,4747,4661
4807,4785,4723,4749,4669
4810,4788,4737,4766,4672
4811,4793,4738,4773,4685
4814,4801,4739,4774,4693
4820,4804,4752,4775,4697
4821,4819,4755,4776,4698
4824,4829,4760,4781,4699
4826,4831,4763,4792,4700
4827,4838,4768,4809,4701
4833,4840,4770,4817,4705
4860,4852,4777,4822,4707
4861,4870,4786,4839,4720
4862,4879,4787,4841,4731
4864,4881,4794,4842,4732
4868,4882,4795,4843,4756
4871,4887,4796,4848,4764
4880,4895,4808,4850,4772
4883,4896,4813,4851,4783
4884,4902,4815,4853,4789
4893,4903,4816,4863,4798
4899,4904,4823,4866,4799
4908,4906,4830,4875,4805
4920,4910,4835,4878,4812
4922,4918,4836,4889,4818
4924,4926,4845,4890,4825
4928,4930,4847,4891,4828
4937,4931,4849,4905,4832
4942,4940,4854,4907,4834
4945,4953,4857,4911,4837
4949,4957,4858,4916,4844
4950,4961,4859,4917,4846
4951,4978,4865,4925,4855
4955,4979,4867,4935,4856
4956,4980,4869,4936,4872
4964,4991,4874,4939,4873
4966,4994,4877,4943,4876
4968,5007,4886,4952,4885
4971,5013,4888,4963,4897
4973,5014,4892,4965,4898
4975,5025,4894,4976,4901
4982,5026,4900,4977,4919
4983,5033,4909,4986,4929
4985,5035,4912,4987,4938
4996,5036,4913,4990,4944
5000,5040,4914,4992,4947
5005,5041,4915,4998,4954
5018,5043,4921,5001,4959
5021,5044,4923,5011,4962
5028,5051,4927,5015,4967
5029,5052,4932,5024,4972
5031,5061,4933,5027,4974
5037,5063,4934,5030,4984
5042,5066,4941,5032,4995
5047,5078,4946,5034,4999
5048,5080,4948,5056,5002
5053,5083,4958,5069,5004
5064,5086,4960,5075,5010
5067,5088,4969,5085,5012
5068,5089,4970,5095,5016
5073,5091,4981,5099,5017
5077,5093,4988,5101,5019
5079,5098,4989,5108,5022
5084,5105,4993,5110,5038
5100,5116,4997,5111,5045
5102,5118,5003,5113,5050
5106,5128,5006,5119,5055
5122,5130,5008,5121,5057
5123,5142,5009,5131,5062
5125,5157,5020,5134,5072
5126,5161,5023,5144,5081
5129,5165,5039,5145,5082
5135,5167,5046,5146,5096
5136,5168,5049,5150,5097
5139,5181,5054,5164,5104
5141,5183,5058,5171,5109
5151,5184,5059,5172,5115
5153,5186,5060,5173,5132
5169,5187,5065,5174,5133
5170,5191,5070,5182,5138
5180,5203,5071,5185,5143
5194,5213,5074,5199,5148
5201,5214,5076,5200,5154
5202,5217,5087,5204,5159
5206,5227,5090,5208,5160
5210,5230,5092,5212,5163
5211,5238,5094,5219,5166
5215,5243,5103,5225,5176
5216,5244,5107,5226,5177
5218,5249,5112,5236,5188
5220,5252,5114,5237,5196
5223,5259,5117,5239,5197
5228,5264,5120,5241,5205
5229,5265,5124,5242,5233
5234,5266,5127,5256,5246
5251,5282,5137,5258,5247
5260,5283,5140,5271,5248
5261,5286,5147,5277,5250
5267,5288,5149,5278,5253
5269,5295,5152,5285,5254
5270,5301,5155,5290,5255
5275,5312,5156,5294,5257
5280,5315,5158,5296,5262
5287,5316,5162,5299,5272
5292,5319,5175,5305,5274
5302,5326,5178,5310,5276
5303,5327,5179,5311,5289
5304,5333,5189,5313,5291
5306,5341,5190,5324,5293
5317,5348,5192,5332,5298
5323,5354,5193,5337,5307
5325,5357,5195,5339,5308
5328,5365,5198,5343,5309
5331,5369,5207,5344,5314
5334,5379,5209,5345,5318
5340,5381,5221,5349,5321
5346,5385,5222,5355,5322
5351,5386,5224,5362,5329
5353,5387,5231,5366,5330
5356,5396,5232,5368,5338
5360,5397,5235,5371,5342
5361,5398,5240,5372,5347
5363,5405,5245,5375,5359
5367,5411,5263,5376,5380
5370,5419,5268,5378,5382
5373,5420,5273,5389,5383
5384,5423,5279,5401,5388
5391,5424,5281,5404,5393
5394,5436,5284,5408,5400
5399,5440,5297,5415,5428
5402,5447,5300,5416,5430
5406,5452,5320,5418,5446
5413,5455,5335,5433,5450
5414,5457,5336,5438,5451
5417,5460,5350,5442,5456
5422,5472,5352,5445,5459
5426,5475,5358,5448,5462
5431,5480,5364,5454,5463
5435,5481,5374,5461,5464
5439,5490,5377,5466,5465
5443,5494,5390,5476,5468
5444,5497,5392,5482,5469
5449,5502,5395,5485,5477
5453,5504,5403,5491,5478
5467,5505,5407,5492,5479
5473,5506,5409,5495,5486
5474,5511,5410,5509,5488
5496,5514,5412,5510,5489
5498,5517,5421,5512,5501
5500,5520,5425,5522,5503
5508,5523,5427,5529,5515
5513,5525,5429,5532,5516
5519,5530,5432,5533,5518
5521,5531,5434,5534,5527
5528,5540,5437,5537,5535
5546,5543,5441,5538,5554
5548,5547,5458,5539,5557
5550,5555,5470,5542,5568
5560,5556,5471,5549,5569
5561,5558,5483,5552,5593
5562,5565,5484,5563,5595
5571,5567,5487,5570,5597
5581,5572,5493,5573,5598
5586,5576,5499,5575,5604
5587,5578,5507,5579,5605
5601,5582,5524,5590,5606
5609,5583,5526,5592,5613
5610,5585,5536,5600,5614
5620,5589,5541,5607,5615
5621,5594,5544,5612,5619
5624,5599,5545,5622,5625
5633,5603,5551,5623,5639
5635,5611,5553,5626,5641
5638,5616,5559,5632,5642
5646,5627,5564,5640,5648
5649,5628,5566,5644,5655
5650,5629,5574,5647,5664
5654,5636,5577,5651,5667
5659,5653,5580,5652,5668
5669,5656,5584,5660,5674
5676,5657,5588,5662,5675
5685,5661,5591,5665,5684
5694,5666,5596,5671,5688
5710,5672,5602,5677,5692
5713,5678,5608,5680,5698
5718,5679,5617,5681,5700
5719,5682,5618,5687,5705
5720,5683,5630,5693,5712
5726,5686,5631,5695,5714
5727,5691,5634,5697,5722
5733,5696,5637,5701,5729
5736,5704,5643,5702,5738
5741,5706,5645,5707,5744
5742,5711,5658,5708,5750
5746,5723,5663,5717,5752
5747,5731,5670,5724,5755
5749,5735,5673,5725,5757
5751,5739,5689,5730,5773
5766,5748,5690,5734,5776
5767,5753,5699,5737,5777
5769,5758,5703,5740,5778
5771,5760,5709,5743,5782
5774,5770,5715,5754,5783
5784,5789,5716,5756,5788
5793,5794,5721,5759,5801
5796,5795,5728,5763,5811
5800,5804,5732,5765,5812
5808,5809,5745,5768,5814
5818,5810,5761,5772,5831
5820,5816,5762,5786,5845
5823,5817,5764,5787,5847
5825,5821,5775,5790,5850
5826,5824,5779,5802,5863
5827,5833,5780,5807,5866
5832,5835,5781,5813,5868
5837,5846,5785,5815,5874
5839,5849,5791,5819,5876
5841,5852,5792,5828,5884
5844,5855,5797,5838,5897
5851,5858,5798,5842,5903
5853,5860,5799,5843,5912
5859,5861,5803,5856,5914
5870,5864,5805,5875,5924
5873,5869,5806,5893,5927
5878,5877,5822,5896,5931
5879,5880,5829,5898,5932
5882,5881,5830,5900,5943
5885,5883,5834,5905,5948
5889,5890,5836,5919,5953
5904,5895,5840,5928,5957
5913,5899,5848,5930,5959
5916,5901,5854,5938,5960
5917,5906,5857,5940,5962
5921,5908,5862,5954,5963
5937,5909,5865,5961,5971
5939,5910,5867,5964,5977
5944,5911,5871,5965,5980
5945,5915,5872,5968,6001
5952,5920,5886,5969,6011
5955,5922,5887,5978,6012
5956,5925,5888,5982,6021
5974,5926,5891,5984,6024
5975,5929,5892,5988,6032
5979,5933,5894,5989,6040
5985,5934,5902,5993,6045
5986,5941,5907,5996,6048
5991,5942,5918,5999,6056
5998,5950,5923,6005,6063
6002,5967,5935,6017,6064
6009,5970,5936,6022,6067
6013,5976,5946,6027,6072
6019,5981,5947,6033,6078
6020,5987,5949,6034,6084
6028,5990,5951,6035,6085
6036,5992,5958,6037,6086
6041,5994,5966,6039,6092
6042,5995,5972,6043,6094
6046,6003,5973,6051,6100
6052,6007,5983,6053,6103
6054,6008,5997,6058,6105
6057,6015,6000,6066,6106
6060,6016,6004,6070,6113
6081,6023,6006,6074,6116
6093,6026,6010,6075,6120
6095,6030,6014,6077,6129
6098,6031,6018,6087,6133
6099,6044,6025,6088,6136
6110,6049,6029,6089,6137
6112,6050,6038,6090,6139
6117,6059,6047,6107,6143
6118,6068,6055,6114,6145
6119,6071,6061,6121,6149
6122,6073,6062,6123,6163
6132,6080,6065,6126,6166
6135,6096,6069,6128,6171
6140,6097,6076,6131,6173
6146,6104,6079,6138,6174
6151,6111,6082,6150,6177
6156,6124,6083,6153,6178
6164,6125,6091,6154,6182
6165,6127,6101,6158,6186
6167,6130,6102,6160,6191
6168,6141,6108,6161,6193
6180,6147,6109,6170,6194
6205,6148,6115,6175,6199
6207,6157,6134,6179,6203
6211,6159,6142,6187,6204
6227,6176,6144,6190,6210
6233,6184,6152,6195,6212
6235,6185,6155,6198,6219
6239,6188,6162,6213,6225
6240,6189,6169,6214,6226
6242,6196,6172,6218,6229
6244,6197,6181,6220,6234
6258,6200,6183,6221,6237
6259,6206,6192,6222,6238
6262,6215,6201,6224,6247
6263,6216,6202,6236,6249
6265,6228,6208,6241,6266
6267,6246,6209,6243,6279
6268,6256,6217,6245,6293
6275,6260,6223,6248,6295
6285,6261,6230,6250,6303
6287,6269,6231,6251,6307
6288,6271,6232,6252,6308
6290,6272,6253,6255,6311
6291,6274,6254,6264,6312
6296,6277,6257,6276,6315
6298,6282,6270,6278,6318
6299,6286,6273,6280,6319
6313,6294,6289,6281,6320
6316,6297,6292,6283,6322
6321,6300,6302,6284,6323
6324,6301,6304,6305,6326
6325,6309,6314,6306,6328
6330,6310,6317,6327,6329
6335,6351,6331,6341,6333
6337,6361,6332,6346,6334
6339,6363,6338,6347,6336
6343,6370,6345,6353,6340
6344,6372,6348,6362,6342
6358,6374,6349,6366,6350
6360,6376,6352,6375,6355
6364,6379,6354,6377,6356
6378,6388,6368,6380,6357
6391,6392,6373,6385,6359
6394,6398,6381,6390,6365
6397,6405,6384,6393,6367
6421,6407,6386,6399,6369
6424,6410,6387,6400,6371
6433,6412,6389,6401,6382
6436,6416,6403,6402,6383
6437,6431,6404,6411,6395
6438,6439,6406,6415,6396
6444,6446,6408,6420,6409
6445,6449,6414,6427,6413
6447,6455,6418,6432,6417
6448,6464,6419,6434,6428
6451,6473,6422,6441,6429
6459,6474,6423,6443,6430
6462,6480,6425,6456,6435
6470,6492,6426,6465,6440
6487,6501,6442,6467,6452
6490,6506,6450,6469,6453
6499,6507,6457,6472,6454
6500,6513,6458,6475,6460
6502,6515,6461,6476,6463
6503,6516,6466,6477,6471
6520,6517,6468,6479,6478
6529,6523,6485,6481,6482
6531,6524,6486,6484,6483
6536,6532,6495,6493,6488
6544,6545,6497,6494,6489
6546,6549,6510,6496,6491
6548,6552,6511,6498,6512
6553,6561,6514,6504,6521
6558,6562,6518,6505,6522
6572,6565,6527,6508,6525
6575,6566,6530,6509,6526
6577,6571,6535,6519,6528
6584,6573,6537,6533,6534
6596,6576,6539,6538,6540
6597,6585,6541,6543,6550
6604,6592,6542,6556,6554
6605,6593,6547,6557,6555
6610,6594,6551,6559,6567
6612,6601,6563,6560,6569
6620,6602,6564,6574,6579
6627,6603,6568,6580,6582
6636,6619,6570,6590,6583
6637,6622,6578,6598,6586
6641,6634,6581,6600,6595
6647,6635,6587,6606,6614
6654,6645,6588,6607,6615
6655,6649,6589,6613,6621
6656,6659,6591,6616,6629
6661,6665,6599,6617,6631
6662,6670,6608,6618,6633
6663,6677,6609,6628,6640
6664,6678,6611,6630,6643
6673,6681,6623,6638,6650
6684,6683,6624,6639,6652
6685,6691,6625,6642,6653
6688,6711,6626,6644,6657
6689,6714,6632,6646,6658
6692,6719,6648,6660,6669
6697,6740,6651,6672,6676
6704,6745,6666,6679,6682
6705,6748,6667,6680,6694
6708,6756,6668,6686,6702
6718,6761,6671,6687,6707
6723,6763,6674,6693,6709
6725,6767,6675,6699,6710
6728,6770,6690,6700,6712
6742,6782,6695,6706,6713
6746,6788,6696,6724,6715
6749,6791,6698,6726,6721
6760,6792,6701,6727,6729
6766,6797,6703,6732,6730
6771,6807,6716,6734,6731
6776,6808,6717,6736,6733
6787,6815,6720,6737,6744
6793,6819,6722,6741,6752
6803,6821,6735,6743,6754
6805,6824,6738,6747,6757
6806,6843,6739,6750,6759
6810,6851,6753,6751,6774
6812,6859,6755,6758,6777
6813,6861,6762,6775,6784
6820,6864,6764,6781,6785
6841,6872,6765,6783,6789
6847,6874,6768,6799,6798
6860,6876,6769,6802,6801
6862,6885,6772,6809,6804
6863,6890,6773,6811,6814
6865,6891,6778,6816,6823
6878,6893,6779,6822,6825
6898,6902,6780,6826,6829
6904,6906,6786,6830,6834
6907,6910,6790,6831,6835
6908,6912,6794,6832,6837
6920,6913,6795,6833,6838
6926,6924,6796,6836,6839
6934,6925,6800,6842,6845
6937,6957,6817,6846,6848
6939,6960,6818,6849,6855
6951,6962,6827,6852,6856
6967,6970,6828,6854,6866
6968,6972,6840,6868,6867
6974,6976,6844,6871,6869
6977,6989,6850,6875,6873
6979,7002,6853,6877,6879
6980,7008,6857,6882,6880
6981,7013,6858,6883,6881
6982,7036,6870,6896,6884
6986,7043,6895,6897,6886
6993,7048,6914,6901,6887
6995,7053,6915,6905,6888
7004,7057,6916,6909,6889
7010,7066,6917,6911,6892
7011,7077,6918,6922,6894
7012,7094,6919,6923,6899
7017,7106,6921,6927,6900
7020,7112,6929,6931,6903
7022,7115,6933,6932,6928
7023,7121,6935,6938,6930
7024,7126,6946,6940,6936
7029,7146,6948,6941,6942
7034,7148,6952,6944,6943
7039,7150,6955,6945,6947
7041,7157,6956,6950,6949
7046,7161,6964,6958,6953
7050,7164,6965,6961,6954
7055,7174,6966,6963,6959
7061,7176,6971,6969,6984
7069,7177,6975,6973,6985
7072,7178,6990,6978,6987
7078,7193,6992,6983,7000
7081,7199,6994,6988,7005
7082,7202,6996,6991,7018
7083,7206,6998,6997,7025
7091,7210,6999,7001,7027
7100,7221,7009,7003,7035
7103,7224,7014,7006,7038
7105,7230,7028,7007,7042
7117,7238,7031,7015,7044
7130,7240,7037,7016,7047
7132,7246,7045,7019,7052
7134,7247,7056,7021,7054
7137,7255,7058,7026,7064
7153,7258,7060,7030,7065
7156,7260,7063,7032,7067
7158,7261,7071,7033,7068
7160,7265,7073,7040,7070
7163,7267,7079,7049,7075
7180,7269,7084,7051,7076
7181,7276,7087,7059,7080
7184,7279,7089,7062,7088
7191,7284,7090,7074,7096
7198,7288,7092,7085,7097
7205,7300,7093,7086,7102
7215,7302,7095,7099,7118
7219,7307,7098,7101,7120
7234,7308,7107,7104,7125
7239,7314,7108,7109,7145
7245,7318,7110,7111,7147
7251,7320,7113,7114,7149
7259,7324,7116,7119,7151
7273,7325,7123,7122,7152
7280,7329,7127,7124,7168
7282,7338,7136,7128,7170
7303,7341,7139,7129,7172
7304,7346,7140,7131,7187
7313,7362,7144,7133,7190
7321,7363,7154,7135,7212
7326,7367,7155,7138,7218
7340,7369,7159,7141,7222
7353,7370,7162,7142,7227
7365,7371,7165,7143,7228
7366,7374,7167,7166,7229
7372,7375,7169,7175,7231
7378,7377,7171,7183,7232
7379,7387,7173,7189,7244
7380,7393,7179,7194,7249
7381,7396,7182,7196,7252
7390,7403,7185,7197,7263
7398,7406,7186,7201,7268
7402,7407,7188,7203,7272
7415,7408,7192,7207,7274
7421,7410,7195,7208,7275
7423,7412,7200,7211,7281
7427,7416,7204,7213,7283
7428,7433,7209,7214,7286
7431,7439,7217,7216,7291
7435,7440,7220,7223,7292
7437,7441,7225,7236,7294
7442,7446,7226,7242,7295
7443,7450,7233,7254,7296
7444,7451,7235,7256,7299
7448,7453,7237,7262,7306
7449,7456,7241,7266,7309
7452,7460,7243,7278,7310
7454,7468,7248,7285,7312
7457,7472,7250,7287,7317
7458,7477,7253,7289,7323
7464,7478,7257,7290,7328
7465,7479,7264,7293,7331
7467,7481,7270,7297,7333
7474,7485,7271,7298,7334
7480,7487,7277,7301,7336
7496,7490,7305,7311,7345
7497,7494,7315,7316,7351
7514,7503,7327,7319,7355
7515,7504,7330,7322,7356
7517,7512,7332,7339,7358
7518,7519,7335,7349,7361
7525,7521,7337,7350,7368
7526,7533,7342,7354,7386
7529,7534,7343,7357,7389
7530,7536,7344,7359,7394
7541,7537,7347,7360,7395
7544,7540,7348,7373,7404
7558,7546,7352,7376,7405
7578,7551,7364,7383,7409
7579,7553,7382,7384,7414
7582,7559,7391,7385,7419
7595,7565,7392,7388,7420
7598,7571,7397,7400,7424
7610,7574,7399,7401,7425
7616,7575,7411,7418,7426
7621,7580,7413,7422,7434
7625,7585,7417,7445,7436
7629,7592,7429,7459,7438
7632,7593,7430,7469,7447
7635,7602,7432,7473,7455
7640,7604,7462,7492,7461
7645,7608,7463,7502,7470
7651,7609,7466,7510,7475
7652,7617,7471,7513,7482
7654,7626,7476,7532,7483
7670,7627,7484,7535,7486
7671,7631,7491,7542,7488
7674,7637,7493,7547,7489
7677,7642,7500,7548,7495
7684,7644,7505,7552,7498
7685,7650,7509,7554,7499
7686,7655,7516,7567,7501
7687,7657,7523,7569,7506
7688,7659,7524,7581,7507
7692,7664,7528,7583,7508
7701,7676,7538,7584,7511
7709,7679,7545,7589,7520
7714,7681,7549,7594,7522
7715,7690,7550,7597,7527
7718,7694,7556,7603,7531
7719,7703,7557,7606,7539
7723,7706,7561,7614,7543
7732,7707,7562,7615,7555
7738,7710,7563,7620,7560
7740,7727,7566,7628,7564
7746,7735,7577,7630,7568
7748,7745,7590,7638,7570
7751,7764,7591,7639,7572
7752,7765,7596,7643,7573
7753,7769,7600,7646,7576
7757,7770,7601,7656,7586
7758,7774,7605,7662,7587
7761,7775,7611,7666,7588
7762,7782,7612,7678,7599
7780,7783,7613,7693,7607
7784,7787,7618,7695,7619
7786,7792,7622,7696,7623
7789,7794,7624,7699,7633
7798,7795,7641,7716,7634
7809,7796,7647,7717,7636
7810,7804,7653,7722,7648
7816,7808,7661,7726,7649
7821,7813,7663,7730,7658
7828,7831,7669,7737,7660
7838,7837,7675,7739,7665
7842,7839,7680,7743,7667
7844,7850,7682,7754,7668
7847,7855,7683,7755,7672
7853,7856,7691,7766,7673
7861,7859,7697,7767,7689
7870,7862,7698,7768,7700
7874,7865,7702,7773,7704
7892,7867,7705,7777,7708
7903,7871,7713,7785,7711
7905,7872,7720,7790,7712
7908,7876,7728,7797,7721
7913,7882,7731,7799,7724
7915,7884,7733,7801,7725
7917,7885,7741,7803,7729
7919,7887,7742,7811,7734
7927,7888,7744,7818,7736
7933,7893,7749,7819,7747
7934,7894,7750,7820,7760
7941,7898,7756,7823,7776
7943,7899,7759,7826,7778
7945,7907,7763,7829,7788
7948,7910,7771,7830,7791
7958,7911,7772,7836,7815
7959,7912,7779,7841,7822
7962,7914,7781,7843,7825
7964,7921,7793,7845,7827
7965,7931,7800,7848,7835
7967,7935,7802,7857,7849
7971,7938,7805,7863,7851
7976,7946,7806,7866,7858
7977,7949,7807,7875,7868
7986,7953,7812,7879,7869
7989,7956,7814,7880,7873
7998,7960,7817,7889,7877
8001,7961,7824,7890,7883
8009,7963,7832,7895,7896
8015,7966,7833,7897,7900
8016,7975,7834,7901,7902
8021,7983,7840,7916,7918
8024,7985,7846,7922,7920
8027,7993,7852,7924,7923
8028,8000,7854,7928,7926
8029,8004,7860,7936,7930
8032,8005,7864,7942,7932
8033,8012,7878,7954,7937
8034,8020,7881,7955,7939
8035,8023,7886,7968,7944
8037,8030,7891,7973,7952
8041,8039,7904,7978,7970
8046,8055,7906,7980,7979
8048,8063,7909,7982,7987
8057,8064,7925,7984,7992
8067,8065,7929,7990,7994
8069,8070,7940,7997,7996
8073,8071,7947,8002,8010
8077,8083,7950,8003,8011
8081,8084,7951,8007,8025
8092,8087,7957,8008,8031
8098,8090,7969,8014,8040
8108,8099,7972,8018,8042
8122,8103,7974,8022,8043
8128,8112,7981,8036,8045
8134,8118,7988,8038,8061
8135,8123,7991,8050,8076
8136,8125,7995,8051,8085
8152,8130,7999,8052,8086
8155,8133,8006,8053,8094
8156,8142,8013,8054,8095
8161,8143,8017,8056,8096
8164,8159,8019,8058,8101
8165,8166,8026,8072,8104
8175,8167,8044,8074,8106
8188,8172,8047,8075,8107
8192,8173,8049,8078,8113
8200,8174,8059,8080,8117
8204,8180,8060,8089,8119
8205,8182,8062,8091,8132
8208,8185,8066,8093,8137
8209,8194,8068,8097,8146
8213,8195,8079,8102,8148
8215,8211,8082,8109,8151
8217,8212,8088,8110,8168
8222,8214,8100,8111,8170
8231,8216,8105,8115,8171
8240,8225,8114,8116,8177
8246,8238,8124,8120,8179
8250,8239,8126,8121,8183
8254,8244,8127,8138,8191
8255,8245,8129,8139,8193
8257,8256,8131,8141,8197
8258,8260,8140,8144,8203
8264,8261,8150,8145,8207
8275,8263,8153,8147,8210
8280,8273,8154,8149,8224
8281,8276,8157,8160,8227
8290,8277,8158,8176,8230
8293,8282,8162,8184,8233
8296,8283,8163,8190,8235
8299,8288,8169,8198,8243
8304,8295,8178,8199,8249
8309,8303,8181,8201,8252
8316,8307,8186,8202,8259
8320,8318,8187,8206,8269
8323,8327,8189,8219,8271
8325,8328,8196,8220,8278
8326,8331,8218,8221,8284
8330,8332,8223,8228,8285
8336,8333,8226,8232,8298
8339,8335,8229,8234,8301
8354,8340,8237,8236,8306
8362,8343,8247,8241,8310
8368,8345,8251,8242,8311
8369,8347,8262,8248,8313
8370,8350,8267,8253,8314
8371,8361,8272,8265,8317
8381,8364,8287,8266,8322
8383,8367,8291,8268,8334
8385,8388,8305,8270,8338
8400,8391,8308,8274,8342
8418,8392,8315,8279,8344
8420,8393,8319,8286,8348
8422,8399,8341,8289,8349
8432,8402,8346,8292,8356
8439,8407,8352,8294,8357
8440,8414,8353,8297,8365
8445,8415,8359,8300,8374
8456,8435,8360,8302,8375
8458,8442,8363,8312,8376
8459,8451,8366,8321,8377
8467,8453,8372,8324,8379
8472,8461,8373,8329,8380
8475,8465,8387,8337,8382
8479,8471,8395,8351,8384
8488,8493,8396,8355,8386
8495,8498,8397,8358,8389
8497,8508,8398,8378,8405
8515,8513,8403,8390,8406
8525,8519,8410,8394,8409
8526,8522,8411,8401,8413
8531,8523,8421,8404,8416
8545,8528,8424,8408,8429
8558,8532,8427,8412,8436
8562,8536,8430,8417,8437
8565,8539,8431,8419,8438
8568,8541,8434,8423,8447
8576,8543,8441,8425,8449
8586,8546,8444,8426,8450
8589,8548,8452,8428,8454
8592,8555,8464,8433,8455
8594,8556,8473,8443,8460
8600,8557,8477,8446,8462
8603,8573,8480,8448,8463
8604,8580,8481,8457,8466
8612,8584,8482,8469,8468
8615,8585,8484,8470,8476
8622,8591,8486,8474,8478
8643,8596,8487,8485,8483
8653,8611,8500,8490,8489
8660,8614,8503,8492,8491
8667,8623,8504,8496,8494
8670,8628,8505,8501,8499
8677,8631,8509,8507,8502
8678,8639,8512,8514,8506
8680,8641,8516,8521,8510
8703,8644,8518,8534,8511
8716,8645,8520,8537,8517
8723,8649,8533,8538,8524
8730,8655,8542,8540,8527
8734,8656,8544,8552,8529
8737,8658,8547,8564,8530
8739,8659,8549,8567,8535
8748,8664,8551,8571,8550
8749,8671,8553,8572,8561
8757,8673,8554,8574,8563
8761,8676,8559,8577,8566
8763,8679,8560,8578,8582
8766,8681,8569,8579,8583
8767,8682,8570,8581,8587
8770,8685,8575,8588,8590
8771,8686,8595,8598,8593
8776,8687,8601,8599,8597
8777,8692,8607,8608,8602
8783,8693,8617,8609,8605
8785,8697,8624,8610,8606
8791,8698,8632,8621,8613
8796,8702,8637,8625,8616
8799,8709,8640,8627,8618
8802,8710,8642,8629,8619
8804,8711,8650,8634,8620
8809,8712,8651,8635,8626
8810,8717,8652,8654,8630
8811,8722,8657,8665,8633
8815,8725,8663,8666,8636
8818,8726,8668,8672,8638
8819,8729,8669,8674,8646
8823,8736,8675,8691,8647
8825,8745,8683,8694,8648
8829,8747,8689,8700,8661
8830,8751,8690,8701,8662
8843,8754,8699,8704,8684
8853,8756,8707,8708,8688
8854,8758,8714,8713,8695
8855,8759,8715,8724,8696
8857,8765,8720,8728,8705
8867,8778,8727,8733,8706
8873,8784,8732,8742,8718
8891,8786,8741,8760,8719
8896,8787,8743,8768,8721
8902,8790,8744,8769,8731
8914,8797,8753,8773,8735
8916,8798,8764,8774,8738
8918,8807,8772,8780,8740
8919,8816,8779,8789,8746
8929,8824,8781,8795,8750
8934,8831,8782,8801,8752
8935,8834,8788,8803,8755
8937,8836,8793,8808,8762
8938,8841,8806,8814,8775
8942,8842,8813,8820,8792
8945,8850,8821,8833,8794
8976,8856,8827,8840,8800
8978,8859,8828,8845,8805
8984,8860,8832,8846,8812
8988,8869,8835,8849,8817
8989,8870,8838,8852,8822
8999,8871,8844,8863,8826
9000,8884,8851,8866,8837
9003,8890,8861,8877,8839
9022,8892,8864,8879,8847
9023,8894,8868,8880,8848
9024,8897,8872,8881,8858
9026,8898,8874,8887,8862
9031,8904,8875,8888,8865
9033,8907,8876,8889,8878
9036,8908,8882,8895,8885
9042,8909,8883,8899,8893
9045,8913,8886,8903,8900
9046,8915,8901,8905,8911
9051,8921,8906,8910,8912
9052,8922,8925,8920,8917
9058,8923,8928,8926,8931
9059,8924,8933,8927,8936
9060,8939,8943,8930,8946
9061,8940,8953,8932,8950
9062,8947,8955,8941,8958
9064,8948,8956,8944,8965
9069,8949,8963,8951,8966
9074,8954,8971,8952,8967
9078,8957,8972,8962,8969
9079,8959,8973,8986,8970
9082,8960,8974,8987,8977
9083,8961,8983,8991,8980
9087,8964,8994,8997,8992
9091,8968,9006,8998,8996
9095,8975,9009,9011,9002
9106,8979,9010,9014,9005
9108,8981,9012,9015,9007
9111,8982,9013,9018,9017
9116,8985,9016,9038,9025
9120,8990,9021,9041,9044
9123,8993,9027,9047,9049
9124,8995,9030,9048,9054
9127,9001,9032,9055,9070
9128,9004,9034,9056,9075
9135,9008,9039,9071,9080
9141,9019,9053,9077,9092
9142,9020,9063,9088,9093
9145,9028,9066,9089,9096
9146,9029,9068,9094,9103
9148,9035,9073,9114,9112
9150,9037,9097,9119,9115
9152,9040,9098,9136,9125
9156,9043,9099,9137,9130
9170,9050,9100,9143,9131
9171,9057,9101,9144,9132
9173,9065,9104,9151,9139
9184,9067,9117,9161,9149
9185,9072,9118,9167,9162
9193,9076,9122,9178,9163
9202,9081,9126,9181,9164
9205,9084,9129,9201,9165
9207,9085,9134,9206,9168
9214,9086,9138,9209,9172
9216,9090,9140,9210,9174
9217,9102,9147,9221,9175
9223,9105,9154,9224,9177
9226,9107,9155,9225,9180
9229,9109,9158,9227,9183
9233,9110,9159,9230,9188
9238,9113,9166,9232,9192
9246,9121,9169,9235,9195
9253,9133,9179,9244,9198
9255,9153,9182,9245,9203
9259,9157,9194,9251,9204
9260,9160,9196,9262,9218
9263,9176,9197,9269,9222
9270,9186,9199,9272,9237
9275,9187,9200,9274,9242
9280,9189,9212,9277,9247
9281,9190,9213,9283,9250
9288,9191,9215,9284,9257
9290,9208,9220,9287,9261
9292,9211,9231,9291,9266
9303,9219,9234,9298,9267
9309,9228,9239,9299,9268
9311,9236,9240,9300,9271
9314,9243,9241,9302,9276
9321,9252,9248,9304,9278
9323,9254,9249,9305,9286
9328,9256,9279,9308,9289
9335,9258,9282,9312,9294
9340,9264,9295,9313,9307
9342,9265,9297,9315,9310
9348,9273,9301,9318,9316
9350,9285,9317,9320,9331
9352,9293,9319,9324,9332
9354,9296,9325,9326,9333
9365,9306,9336,9327,9338
9366,9322,9339,9329,9341
9370,9334,9343,9330,9347
9374,9337,9346,9344,9355
9377,9351,9353,9345,9359
9380,9367,9356,9349,9361
9392,9369,9357,9372,9362
9396,9376,9358,9385,9363
9398,9378,9360,9386,9371
9402,9383,9364,9393,9375
9404,9387,9368,9397,9379
9405,9390,9373,9406,9381
9407,9391,9401,9409,9382
9411,9394,9403,9413,9384
9412,9395,9408,9416,9388
9415,9399,9419,9421,9389
9429,9410,9420,9424,9400
9432,9417,9422,9431,9414
9438,9423,9427,9437,9418
9439,9428,9446,9440,9425
9441,9434,9448,9444,9426
9442,9435,9451,9447,9430
9449,9443,9456,9459,9433
9450,9454,9468,9460,9436
9452,9455,9471,9462,9445
9453,9457,9472,9470,9458
9465,9461,9474,9477,9469
9466,9463,9478,9479,9480
9473,9464,9487,9481,9483
9475,9467,9488,9482,9485
9484,9476,9491,9494,9486
9489,9490,9492,9495,9493
9496,9498,9497,9499,9501
9502,9505,9500,9506,9524
9508,9511,9503,9512,9531
9510,9513,9504,9528,9532
9514,9515,9507,9536,9533
9516,9522,9509,9537,9539
9517,9525,9520,9560,9544
9518,9526,9521,9562,9546
9519,9534,9523,9564,9548
9527,9535,9542,9574,9549
9529,9545,9547,9575,9552
9530,9558,9556,9577,9554
9538,9565,9563,9579,9555
9540,9567,9566,9584,9557
9541,9571,9568,9586,9559
9543,9591,9580,9587,9572
9550,9593,9582,9589,9576
9551,9596,9585,9599,9588
9553,9601,9597,9600,9590
9561,9602,9598,9606,9611
9569,9603,9607,9613,9617
9570,9609,9610,9620,9638
9573,9614,9612,9623,9639
9578,9621,9618,9626,9654
9581,9629,9619,9627,9657
9583,9637,9622,9628,9659
9592,9640,9625,9630,9660
9594,9649,9648,9631,9663
9595,9656,9651,9636,9669
9604,9664,9653,9643,9673
9605,9671,9655,9644,9677
9608,9675,9670,9645,9678
9615,9681,9684,9647,9679
9616,9688,9689,9661,9682
9624,9691,9694,9662,9683
9632,9696,9695,9665,9685
9633,9713,9699,9667,9697
9634,9723,9700,9672,9701
9635,9728,9705,9686,9708
9641,9729,9709,9687,9711
9642,9730,9712,9698,9717
9646,9732,9716,9702,9718
9650,9734,9720,9704,9740
9652,9736,9721,9706,9750
9658,9738,9726,9710,9751
9666,9765,9737,9719,9754
9668,9766,9739,9722,9761
9674,9767,9745,9725,9764
9676,9770,9753,9727,9769
9680,9773,9759,9733,9775
9690,9776,9784,9741,9779
9692,9777,9802,9742,9782
9693,9783,9804,9744,9786
9703,9788,9805,9748,9790
9707,9789,9807,9749,9796
9714,9791,9814,9752,9801
9715,9795,9829,9755,9815
9724,9797,9832,9757,9817
9731,9799,9839,9760,9823
9735,9809,9845,9762,9825
9743,9811,9855,9768,9834
9746,9813,9858,9772,9837
9747,9819,9865,9778,9838
9756,9820,9873,9780,9841
9758,9821,9874,9781,9842
9763,9822,9880,9787,9850
9771,9824,9885,9792,9862
9774,9830,9888,9793,9864
9785,9833,9893,9794,9868
9798,9846,9899,9806,9869
9800,9848,9904,9812,9870
9803,9851,9906,9827,9872
9808,9859,9907,9831,9881
9810,9867,9910,9835,9882
9816,9878,9913,9836,9883
9818,9879,9916,9840,9891
9826,9884,9918,9843,9892
9828,9890,9925,9847,9896
9844,9900,9926,9849,9902
9852,9911,9927,9854,9903
9853,9912,9931,9856,9905
9857,9924,9937,9866,9909
9860,9932,9938,9871,9920
9861,9942,9941,9875,9930
9863,9947,9943,9876,9933
9887,9950,9944,9877,9936
9908,9953,9956,9886,9940
9919,9958,9961,9889,9952
9928,9966,9963,9894,9954
9934,9980,9971,9895,9959
9935,9981,9977,9897,9960
9939,9988,9978,9898,9965
9946,9994,9991,9901,9969
9948,9997,9996,9914,9989
9949,10000,9998,9915,9990
9955,10001,10002,9917,10013
9964,10008,10010,9921,10020
9970,10014,10016,9922,10028
9972,10015,10018,9923,10031
9975,10023,10022,9929,10037
9983,10032,10024,9945,10041
9992,10034,10025,9951,10043
9999,10049,10027,9957,10045
10004,10050,10030,9962,10052
10006,10055,10033,9967,10053
10007,10066,10035,9968,10056
10009,10068,10044,9973,10062
10011,10075,10046,9974,10064
10017,10076,10054,9976,10065
10019,10081,10058,9979,10069
10021,10083,10063,9982,10074
10029,10084,10072,9984,10077
10036,10085,10073,9985,10078
10040,10100,10087,9986,10095
10042,10101,10094,9987,10096
10047,10104,10102,9993,10097
10051,10108,10105,9995,10099
10057,10119,10112,10003,10110
10061,10122,10113,10005,10114
10067,10129,10115,10012,10127
10071,10132,10118,10026,10135
10079,10137,10123,10038,10142
10090,10146,10128,10039,10144
10092,10148,10133,10048,10150
10093,10155,10136,10059,10154
10106,10166,10139,10060,10167
10111,10169,10143,10070,10170
10117,10190,10147,10080,10176
10124,10194,10149,10082,10177
10126,10196,10158,10086,10181
10131,10199,10165,10088,10192
10134,10200,10175,10089,10193
10138,10205,10180,10091,10202
10141,10210,10182,10098,10203
10156,10223,10186,10103,10207
10160,10227,10189,10107,10208
10163,10230,10195,10109,10211
10168,10231,10201,10116,10215
10174,10236,10204,10120,10220
10178,10241,10209,10121,10224
10179,10243,10212,10125,10228
10185,10244,10213,10130,10250
10187,10245,10233,10140,10254
10191,10251,10237,10145,10257
10197,10252,10248,10151,10258
10206,10253,10270,10152,10259
10218,10255,10272,10153,10262
10219,10256,10273,10157,10263
10225,10260,10275,10159,10264
10234,10261,10276,10161,10278
10235,10271,10282,10162,10283
10265,10285,10288,10164,10297
10267,10286,10289,10171,10300
10268,10290,10291,10172,10304
10274,10298,10295,10173,10311
10280,10299,10296,10183,10312
10284,10303,10301,10184,10316
10287,10306,10302,10188,10320
10294,10317,10305,10198,10322
10307,10327,10308,10214,10328
10314,10334,10310,10216,10330
10325,10335,10313,10217,10331
10342,10345,10315,10221,10333
10343,10347,10318,10222,10339
10348,10351,10319,10226,10354
10350,10355,10324,10229,10356
10353,10362,10329,10232,10357
10365,10366,10332,10238,10360
10367,10370,10337,10239,10363
10368,10377,10338,10240,10374
10373,10379,10341,10242,10388
10375,10386,10349,10246,10394
10380,10387,10352,10247,10402
10381,10390,10358,10249,10405
10383,10395,10359,10266,10408
10385,10399,10361,10269,10413
10389,10404,10369,10277,10417
10393,10410,10372,10279,10420
10397,10411,10384,10281,10424
10398,10414,10400,10292,10425
10403,10430,10401,10293,10427
10407,10431,10412,10309,10436
10409,10432,10419,10321,10439
10433,10442,10422,10323,10456
10434,10448,10423,10326,10457
10437,10452,10426,10336,10459
10445,10468,10428,10340,10462
10446,10472,10435,10344,10475
10454,10474,10438,10346,10478
10455,10476,10441,10364,10483
10458,10477,10443,10371,10486
10460,10479,10450,10376,10489
10461,10480,10451,10378,10509
10466,10482,10453,10382,10514
10467,10484,10465,10391,10515
10488,10494,10470,10392,10517
10490,10497,10487,10396,10519
10492,10498,10493,10406,10528
10499,10505,10502,10415,10529
10501,10516,10510,10416,10533
10503,10522,10531,10418,10535
10511,10523,10552,10421,10539
10520,10536,10556,10429,10543
10521,10537,10558,10440,10546
10530,10541,10563,10444,10554
10532,10545,10565,10447,10562
10540,10553,10571,10449,10564
10542,10555,10572,10463,10569
10547,10557,10575,10464,10570
10550,10561,10577,10469,10573
10559,10566,10578,10471,10592
10560,10567,10582,10473,10596
10576,10581,10590,10481,10602
10579,10583,10591,10485,10604
10589,10585,10593,10491,10608
10597,10586,10594,10495,10611
10605,10587,10620,10496,10613
10609,10588,10632,10500,10625
10621,10595,10633,10504,10626
10623,10599,10634,10506,10628
10624,10600,10642,10507,10644
10635,10601,10647,10508,10646
10636,10603,10653,10512,10648
10658,10606,10659,10513,10649
10660,10610,10662,10518,10654
10661,10612,10666,10524,10656
10675,10616,10667,10525,10663
10676,10622,10669,10526,10664
10684,10627,10686,10527,10670
10694,10629,10689,10534,10674
10701,10630,10695,10538,10680
10712,10637,10696,10544,10682
10722,10639,10698,10548,10683
10724,10643,10700,10549,10685
10737,10645,10707,10551,10687
10741,10650,10708,10568,10691
10743,10652,10710,10574,10697
10744,10655,10714,10580,10702
10751,10665,10720,10584,10709
10753,10668,10723,10598,10716
10779,10672,10725,10607,10717
10784,10673,10727,10614,10718
10793,10677,10729,10615,10726
10796,10678,10733,10617,10730
10799,10681,10745,10618,10740
10805,10688,10758,10619,10746
10806,10692,10761,10631,10749
10810,10693,10762,10638,10755
10817,10699,10764,10640,10760
10820,10705,10765,10641,10763
10823,10706,10769,10651,10766
10827,10711,10770,10657,10767
10828,10713,10778,10671,10771
10833,10721,10780,10679,10773
10834,10732,10781,10690,10774
10837,10734,10785,10703,10776
10843,10736,10787,10704,10782
10845,10738,10801,10715,10783
10846,10747,10803,10719,10789
10847,10748,10809,10728,10791
10848,10752,10812,10731,10792
10851,10759,10818,10735,10800
10856,10772,10819,10739,10802
10859,10775,10821,10742,10808
10860,10777,10825,10750,10814
10875,10790,10831,10754,10835
10876,10798,10838,10756,10844
10879,10826,10841,10757,10849
10880,10836,10855,10768,10852
10881,10839,10861,10786,10867
10883,10857,10862,10788,10868
10890,10858,10864,10794,10869
10904,10865,10872,10795,10870
10905,10878,10874,10797,10873
10914,10882,10884,10804,10885
10919,10892,10886,10807,10893
10927,10898,10888,10811,10894
10928,10899,10897,10813,10909
10930,10900,10901,10815,10911
10936,10902,10922,10816,10912
10939,10903,10924,10822,10913
10944,10907,10931,10824,10916
10946,10908,10933,10829,10917
10947,10910,10941,10830,10921
10950,10915,10942,10832,10926
10962,10923,10945,10840,10929
10968,10938,10954,10842,10932
10970,10948,10956,10850,10934
10976,10963,10958,10853,10935
10981,10966,10961,10854,10953
10983,10967,10964,10863,10972
10986,10980,10965,10866,10973
10987,10982,10969,10871,10974
10988,10989,10971,10877,10978
10990,10996,10977,10887,10984
10992,10999,10979,10889,10994
10993,11002,10985,10891,11010
10997,11005,11003,10895,11012
10998,11007,11008,10896,11023
11000,11015,11018,10906,11028
11001,11017,11019,10918,11050
11006,11021,11029,10920,11054
11009,11026,11036,10925,11056
11011,11030,11043,10937,11057
11014,11032,11045,10940,11064
11020,11033,11048,10943,11068
11022,11051,11049,10949,11071
11025,11052,11058,10951,11078
11027,11055,11060,10952,11079
11034,11062,11070,10955,11083
11038,11065,11084,10957,11099
11039,11066,11086,10959,11101
11040,11074,11089,10960,11105
11044,11076,11095,10975,11111
11063,11080,11098,10991,11122
11075,11085,11108,10995,11127
11077,11090,11112,11004,11136
11081,11092,11113,11013,11140
11082,11093,11114,11016,11143
11087,11102,11120,11024,11145
11088,11103,11128,11031,11146
11091,11104,11141,11035,11158
11117,11106,11149,11037,11161
11119,11116,11151,11041,11163
11121,11118,11152,11042,11164
11130,11132,11155,11046,11166
11134,11135,11173,11047,11168
11139,11138,11174,11053,11171
11142,11150,11175,11059,11186
11144,11162,11177,11061,11202
11148,11167,11179,11067,11215
11153,11188,11180,11069,11226
11156,11190,11184,11072,11234
11157,11193,11187,11073,11236
11159,11194,11189,11094,11237
11165,11195,11191,11096,11244
11169,11200,11196,11097,11246
11172,11201,11205,11100,11247
11176,11204,11211,11107,11248
11178,11208,11212,11109,11249
11181,11209,11219,11110,11270
11182,11213,11220,11115,11271
11192,11214,11227,11123,11276
11197,11218,11229,11124,11280
11203,11224,11230,11125,11286
11207,11228,11235,11126,11303
11210,11233,11239,11129,11309
11216,11238,11242,11131,11310
11222,11241,11254,11133,11323
11232,11258,11256,11137,11327
11243,11260,11259,11147,11333
11245,11262,11263,11154,11335
11252,11266,11265,11160,11338
11275,11272,11273,11170,11358
11281,11288,11274,11183,11361
11282,11293,11277,11185,11365
11283,11294,11279,11198,11369
11289,11295,11284,11199,11371
11299,11296,11285,11206,11374
11313,11302,11287,11217,11381
11318,11306,11290,11221,11387
11321,11308,11291,11223,11388
11324,11311,11292,11225,11395
11332,11314,11298,11231,11397
11339,11322,11301,11240,11405
11345,11340,11305,11250,11410
11347,11341,11312,11251,11411
11350,11342,11316,11253,11417
11356,11344,11320,11255,11425
11357,11353,11325,11257,11428
11368,11354,11330,11261,11432
11376,11362,11331,11264,11434
11382,11370,11336,11267,11438
11383,11375,11343,11268,11443
11389,11378,11346,11269,11448
11390,11384,11351,11278,11449
11404,11392,11355,11297,11451
11413,11406,11364,11300,11455
11414,11408,11366,11304,11458
11416,11415,11377,11307,11460
11419,11424,11379,11315,11465
11420,11429,11380,11317,11466
11440,11433,11385,11319,11470
11445,11436,11391,11326,11471
11446,11441,11393,11328,11474
11459,11452,11396,11329,11476
11463,11454,11398,11334,11479
11464,11461,11399,11337,11482
11469,11462,11401,11348,11483
11478,11468,11402,11349,11489
11480,11485,11407,11352,11496
11481,11490,11409,11359,11499
11484,11494,11421,11360,11511
11487,11504,11423,11363,11514
11488,11512,11427,11367,11522
11495,11518,11431,11372,11531
11498,11524,11435,11373,11532
11500,11530,11437,11386,11540
11501,11536,11442,11394,11542
11508,11545,11444,11400,11544
11510,11551,11453,11403,11554
11519,11552,11472,11412,11563
11525,11557,11473,11418,11564
11528,11558,11475,11422,11565
11533,11559,11491,11426,11566
11537,11560,11493,11430,11569
11541,11562,11497,11439,11571
11543,11567,11503,11447,11581
11546,11568,11517,11450,11584
11547,11577,11520,11456,11585
11549,11578,11521,11457,11586
11550,11582,11526,11467,11587
11575,11588,11538,11477,11589
11576,11591,11539,11486,11594
11590,11592,11548,11492,11597
11599,11593,11553,11502,11602
11600,11601,11555,11505,11615
11603,11614,11561,11506,11622
11605,11620,11570,11507,11624
11610,11627,11573,11509,11628
11616,11632,11574,11513,11636
11619,11639,11579,11515,11637
11625,11642,11604,11516,11646
11626,11644,11606,11523,11655
11629,11649,11607,11527,11663
11633,11651,11608,11529,11671
11635,11653,11609,11534,11672
11648,11656,11611,11535,11678
11650,11662,11613,11556,11683
11652,11664,11617,11572,11684
11665,11666,11621,11580,11686
11669,11667,11623,11583,11691
11675,11670,11630,11595,11692
11699,11677,11645,11596,11694
11703,11693,11647,11598,11698
11708,11696,11658,11612,11706
11713,11702,11660,11618,11711
11717,11707,11679,11631,11712
11727,11709,11680,11634,11714
11733,11719,11681,11638,11718
11740,11720,11682,11640,11721
11742,11722,11685,11641,11723
11743,11729,11687,11643,11724
11753,11735,11688,11654,11725
11755,11745,11689,11657,11732
11756,11749,11690,11659,11736
11758,11750,11695,11661,11737
11760,11765,11697,11668,11739
11764,11777,11700,11673,11748
11769,11781,11704,11674,11754
11770,11798,11715,11676,11762
11774,11800,11728,11701,11768
11792,11808,11730,11705,11772
11796,11809,11731,11710,11775
11797,11813,11747,11716,11776
11799,11814,11751,11726,11778
11805,11820,11752,11734,11782
11811,11824,11759,11738,11783
11818,11828,11763,11741,11787
11822,11830,11779,11744,11788
11831,11837,11780,11746,11789
11833,11841,11785,11757,11790
11835,11842,11793,11761,11802
11838,11843,11794,11766,11803
11853,11857,11801,11767,11804
11871,11858,11812,11771,11807
11874,11865,11816,11773,11810
11876,11868,11819,11784,11815
11894,11875,11821,11786,11823
11897,11882,11826,11791,11827
11903,11889,11834,11795,11832
11904,11893,11839,11806,11844
11907,11899,11840,11817,11848
11910,11900,11845,11825,11850
11913,11901,11860,11829,11852
11921,11912,11863,11836,11855
11923,11914,11864,11846,11859
11924,11934,11880,11847,11862
11925,11938,11883,11849,11866
11926,11941,11884,11851,11869
11930,11946,11888,11854,11870
11932,11947,11891,11856,11873
11933,11950,11895,11861,11878
11937,11963,11896,11867,11879
11942,11967,11902,11872,11881
11943,11978,11908,11877,11887
11944,11981,11909,11885,11905
11945,11982,11915,11886,11917
11948,11984,11918,11890,11927
11949,11989,11929,11892,11928
11964,11994,11935,11898,11931
11970,11998,11936,11906,11940
11971,12003,11939,11911,11951
11972,12004,11956,11916,11952
11975,12005,11959,11919,11953
11977,12010,11962,11920,11954
11979,12016,11968,11922,11965
11985,12018,11983,11955,11966
11990,12019,11988,11957,11973
11992,12024,11991,11958,11980
11997,12030,11995,11960,11986
12011,12036,12001,11961,11987
12020,12037,12002,11969,11993
12025,12042,12006,11974,11996
12026,12048,12012,11976,12007
12028,12057,12013,11999,12009
12032,12063,12015,12000,12021
12038,12065,12017,12008,12022
12041,12068,12031,12014,12033
12050,12069,12035,12023,12040
12058,12077,12039,12027,12043
12060,12078,12059,12029,12047
12061,12080,12064,12034,12051
12073,12081,12066,12044,12052
12083,12084,12072,12045,12054
12090,12086,12075,12046,12055
12095,12088,12089,12049,12056
12102,12091,12093,12053,12062
12105,12092,12104,12070,12067
12109,12097,12110,12071,12074
12111,12101,12116,12082,12076
12118,12113,12117,12085,12079
12120,12115,12119,12087,12094
12126,12127,12121,12096,12098
12136,12128,12124,12100,12099
12145,12129,12125,12103,12108
12146,12130,12132,12106,12112
12149,12137,12143,12107,12122
12158,12139,12147,12114,12131
12162,12141,12151,12123,12135
12164,12144,12156,12133,12138
12166,12148,12159,12134,12140
12168,12154,12161,12142,12152
12173,12155,12182,12150,12157
12201,12163,12189,12153,12160
12206,12165,12193,12167,12170
12210,12169,12216,12171,12172
12222,12178,12221,12174,12177
12223,12180,12227,12175,12179
12232,12181,12229,12176,12184
12246,12183,12231,12185,12186
12253,12187,12237,12195,12188
12256,12190,12244,12202,12191
12260,12194,12250,12205,12192
12263,12196,12270,12207,12198
12266,12197,12281,12208,12199
12268,12213,12284,12211,12200
12269,12214,12286,12212,12203
12273,12226,12287,12218,12204
12276,12228,12291,12220,12209
12289,12234,12298,12225,12215
12296,12235,12301,12240,12217
12297,12238,12303,12241,12219
12306,12239,12305,12247,12224
12316,12243,12312,12249,12230
12317,12245,12313,12251,12233
12332,12248,12330,12255,12236
12344,12257,12336,12272,12242
12351,12258,12343,12278,12252
12354,12271,12347,12292,12254
12366,12275,12348,12293,12259
12372,12283,12352,12294,12261
12376,12295,12353,12300,12262
12382,12304,12357,12302,12264
12385,12311,12359,12308,12265
12388,12314,12363,12318,12267
12395,12315,12368,12326,12274
12400,12319,12373,12337,12277
12401,12320,12381,12339,12279
12402,12328,12383,12356,12280
12403,12333,12387,12358,12282
12405,12335,12391,12360,12285
12408,12338,12404,12361,12288
12409,12340,12411,12364,12290
12410,12341,12415,12370,12299
12413,12342,12420,12374,12307
12418,12346,12422,12377,12309
12419,12349,12434,12380,12310
12424,12350,12440,12384,12321
12425,12355,12441,12386,12322
12433,12365,12442,12407,12323
12436,12371,12443,12412,12324
12439,12379,12445,12414,12325
12447,12390,12448,12416,12327
12452,12392,12453,12417,12329
12455,12394,12457,12421,12331
12462,12396,12460,12423,12334
12470,12397,12468,12428,12345
12474,12398,12469,12432,12362
12478,12399,12471,12435,12367
12480,12406,12476,12444,12369
12486,12430,12479,12451,12375
12487,12431,12481,12454,12378
12491,12437,12483,12458,12389
12492,12446,12485,12461,12393
12495,12449,12494,12463,12426
12502,12450,12496,12464,12427
12505,12459,12498,12472,12429
12506,12465,12508,12475,12438
12511,12467,12518,12477,12456
12517,12482,12521,12488,12466
12520,12489,12522,12490,12473
12525,12499,12523,12493,12484
12526,12510,12533,12497,12513
12537,12514,12534,12500,12516
12539,12515,12535,12501,12528
12551,12519,12542,12503,12530
12561,12529,12545,12504,12531
12566,12538,12553,12507,12532
12573,12544,12564,12509,12540
12574,12548,12569,12512,12541
12587,12556,12576,12524,12543
12589,12557,12583,12527,12547
12593,12558,12584,12536,12549
12606,12563,12585,12546,12552
12607,12567,12586,12550,12554
12609,12575,12591,12555,12560
12610,12577,12601,12559,12568
12614,12592,12608,12562,12570
12616,12595,12612,12565,12572
12619,12599,12615,12571,12578
12628,12600,12622,12582,12579
12633,12602,12623,12590,12580
12639,12604,12624,12598,12581
12644,12605,12626,12603,12588
12645,12613,12627,12617,12594
12648,12621,12634,12620,12596
12651,12631,12637,12625,12597
12653,12632,12642,12629,12611
12654,12636,12643,12635,12618
12655,12640,12649,12638,12630
12656,12647,12650,12657,12641
12658,12652,12659,12660,12646
